URL Completa,Slug,Tipo,Prioridade,Categoria,Atualizado Em,Acao GSC
https://drd2engenharia.com.br/,/,Home,1.0,Principal,2026-04-29,Solicitar Indexacao
https://drd2engenharia.com.br/avcb-sao-paulo,/avcb-sao-paulo,Hub,0.9,Principal,2026-04-29,Solicitar Indexacao
https://drd2engenharia.com.br/renovacao-avcb,/renovacao-avcb,Hub,0.9,Principal,2026-04-29,Solicitar Indexacao
https://drd2engenharia.com.br/clcb-sao-paulo,/clcb-sao-paulo,Hub,0.9,Principal,2026-04-29,Solicitar Indexacao
https://drd2engenharia.com.br/empresa-avcb-sao-paulo,/empresa-avcb-sao-paulo,Hub,0.9,Principal,2026-04-29,Solicitar Indexacao
https://drd2engenharia.com.br/engenheiro-avcb-sao-paulo,/engenheiro-avcb-sao-paulo,Hub,0.9,Principal,2026-04-29,Solicitar Indexacao
https://drd2engenharia.com.br/alvara-bombeiro-bar-restaurante-sao-paulo,/alvara-bombeiro-bar-restaurante-sao-paulo,Ocupação,0.8,Álvará Bombeiro,2026-04-29,Solicitar Indexacao
https://drd2engenharia.com.br/alvara-bombeiro-supermercado-sao-paulo,/alvara-bombeiro-supermercado-sao-paulo,Ocupação,0.8,Álvará Bombeiro,2026-04-29,Solicitar Indexacao
https://drd2engenharia.com.br/alvara-bombeiro-hospital-clinica-sao-paulo,/alvara-bombeiro-hospital-clinica-sao-paulo,Ocupação,0.8,Álvará Bombeiro,2026-04-29,Solicitar Indexacao
https://drd2engenharia.com.br/alvara-bombeiro-escola-faculdade-sao-paulo,/alvara-bombeiro-escola-faculdade-sao-paulo,Ocupação,0.8,Álvará Bombeiro,2026-04-29,Solicitar Indexacao
https://drd2engenharia.com.br/alvara-bombeiro-condominio-sao-paulo,/alvara-bombeiro-condominio-sao-paulo,Ocupação,0.8,Álvará Bombeiro,2026-04-29,Solicitar Indexacao
https://drd2engenharia.com.br/alvara-bombeiro-academia-sao-paulo,/alvara-bombeiro-academia-sao-paulo,Ocupação,0.8,Álvará Bombeiro,2026-04-29,Solicitar Indexacao
https://drd2engenharia.com.br/alvara-bombeiro-hotel-pousada-sao-paulo,/alvara-bombeiro-hotel-pousada-sao-paulo,Ocupação,0.8,Álvará Bombeiro,2026-04-29,Solicitar Indexacao
https://drd2engenharia.com.br/alvara-bombeiro-hostel-sao-paulo,/alvara-bombeiro-hostel-sao-paulo,Ocupação,0.8,Álvará Bombeiro,2026-04-29,Solicitar Indexacao
https://drd2engenharia.com.br/alvara-bombeiro-motel-sao-paulo,/alvara-bombeiro-motel-sao-paulo,Ocupação,0.8,Álvará Bombeiro,2026-04-29,Solicitar Indexacao
https://drd2engenharia.com.br/alvara-bombeiro-pousada-sao-paulo,/alvara-bombeiro-pousada-sao-paulo,Ocupação,0.8,Álvará Bombeiro,2026-04-29,Solicitar Indexacao
https://drd2engenharia.com.br/alvara-bombeiro-shopping-sao-paulo,/alvara-bombeiro-shopping-sao-paulo,Ocupação,0.8,Álvará Bombeiro,2026-04-29,Solicitar Indexacao
https://drd2engenharia.com.br/alvara-bombeiro-igreja-sao-paulo,/alvara-bombeiro-igreja-sao-paulo,Ocupação,0.8,Álvará Bombeiro,2026-04-29,Solicitar Indexacao
https://drd2engenharia.com.br/alvara-bombeiro-creche-sao-paulo,/alvara-bombeiro-creche-sao-paulo,Ocupação,0.8,Álvará Bombeiro,2026-04-29,Solicitar Indexacao
https://drd2engenharia.com.br/alvara-bombeiro-casa-de-repouso-sao-paulo,/alvara-bombeiro-casa-de-repouso-sao-paulo,Ocupação,0.8,Álvará Bombeiro,2026-04-29,Solicitar Indexacao
https://drd2engenharia.com.br/alvara-bombeiro-farmacia-drogaria-sao-paulo,/alvara-bombeiro-farmacia-drogaria-sao-paulo,Ocupação,0.8,Álvará Bombeiro,2026-04-29,Solicitar Indexacao
https://drd2engenharia.com.br/alvara-bombeiro-padaria-sao-paulo,/alvara-bombeiro-padaria-sao-paulo,Ocupação,0.8,Álvará Bombeiro,2026-04-29,Solicitar Indexacao
https://drd2engenharia.com.br/alvara-bombeiro-escritorio-sao-paulo,/alvara-bombeiro-escritorio-sao-paulo,Ocupação,0.8,Álvará Bombeiro,2026-04-29,Solicitar Indexacao
https://drd2engenharia.com.br/alvara-bombeiro-galpao-industrial-sao-paulo,/alvara-bombeiro-galpao-industrial-sao-paulo,Ocupação,0.8,Álvará Bombeiro,2026-04-29,Solicitar Indexacao
https://drd2engenharia.com.br/alvara-bombeiro-posto-combustivel-sao-paulo,/alvara-bombeiro-posto-combustivel-sao-paulo,Ocupação,0.8,Álvará Bombeiro,2026-04-29,Solicitar Indexacao
https://drd2engenharia.com.br/alvara-bombeiro-salao-de-festas-sao-paulo,/alvara-bombeiro-salao-de-festas-sao-paulo,Ocupação,0.8,Álvará Bombeiro,2026-04-29,Solicitar Indexacao
https://drd2engenharia.com.br/alvara-bombeiro-casa-noturna-boate-sao-paulo,/alvara-bombeiro-casa-noturna-boate-sao-paulo,Ocupação,0.8,Álvará Bombeiro,2026-04-29,Solicitar Indexacao
https://drd2engenharia.com.br/alvara-bombeiro-consultorio-medico-sao-paulo,/alvara-bombeiro-consultorio-medico-sao-paulo,Ocupação,0.8,Álvará Bombeiro,2026-04-29,Solicitar Indexacao
https://drd2engenharia.com.br/alvara-bombeiro-restaurante-sao-paulo,/alvara-bombeiro-restaurante-sao-paulo,Ocupação,0.8,Álvará Bombeiro,2026-04-29,Solicitar Indexacao
https://drd2engenharia.com.br/alvara-bombeiro-escola-sao-paulo,/alvara-bombeiro-escola-sao-paulo,Ocupação,0.8,Álvará Bombeiro,2026-04-29,Solicitar Indexacao
https://drd2engenharia.com.br/renovacao-avcb-condominio-sao-paulo,/renovacao-avcb-condominio-sao-paulo,Ocupação,0.8,Renovação AVCB,2026-04-29,Solicitar Indexacao
https://drd2engenharia.com.br/renovacao-avcb-galpao-industrial-sao-paulo,/renovacao-avcb-galpao-industrial-sao-paulo,Ocupação,0.8,Renovação AVCB,2026-04-29,Solicitar Indexacao
https://drd2engenharia.com.br/renovacao-avcb-hostel-sao-paulo,/renovacao-avcb-hostel-sao-paulo,Ocupação,0.8,Renovação AVCB,2026-04-29,Solicitar Indexacao
https://drd2engenharia.com.br/renovacao-avcb-escola-sao-paulo,/renovacao-avcb-escola-sao-paulo,Ocupação,0.8,Renovação AVCB,2026-04-29,Solicitar Indexacao
https://drd2engenharia.com.br/renovacao-avcb-igreja-sao-paulo,/renovacao-avcb-igreja-sao-paulo,Ocupação,0.8,Renovação AVCB,2026-04-29,Solicitar Indexacao
https://drd2engenharia.com.br/renovacao-avcb-motel-sao-paulo,/renovacao-avcb-motel-sao-paulo,Ocupação,0.8,Renovação AVCB,2026-04-29,Solicitar Indexacao
https://drd2engenharia.com.br/renovacao-avcb-restaurante-sao-paulo,/renovacao-avcb-restaurante-sao-paulo,Ocupação,0.8,Renovação AVCB,2026-04-29,Solicitar Indexacao
https://drd2engenharia.com.br/renovacao-avcb-supermercado-sao-paulo,/renovacao-avcb-supermercado-sao-paulo,Ocupação,0.8,Renovação AVCB,2026-04-29,Solicitar Indexacao
https://drd2engenharia.com.br/renovacao-avcb-hotel-sao-paulo,/renovacao-avcb-hotel-sao-paulo,Ocupação,0.8,Renovação AVCB,2026-04-29,Solicitar Indexacao
https://drd2engenharia.com.br/renovacao-avcb-hospital-clinica-sao-paulo,/renovacao-avcb-hospital-clinica-sao-paulo,Ocupação,0.8,Renovação AVCB,2026-04-29,Solicitar Indexacao
https://drd2engenharia.com.br/renovacao-avcb-academia-sao-paulo,/renovacao-avcb-academia-sao-paulo,Ocupação,0.8,Renovação AVCB,2026-04-29,Solicitar Indexacao
https://drd2engenharia.com.br/renovacao-avcb-casa-de-repouso-sao-paulo,/renovacao-avcb-casa-de-repouso-sao-paulo,Ocupação,0.8,Renovação AVCB,2026-04-29,Solicitar Indexacao
https://drd2engenharia.com.br/renovacao-avcb-casa-noturna-boate-sao-paulo,/renovacao-avcb-casa-noturna-boate-sao-paulo,Ocupação,0.8,Renovação AVCB,2026-04-29,Solicitar Indexacao
https://drd2engenharia.com.br/renovacao-avcb-farmacia-drogaria-sao-paulo,/renovacao-avcb-farmacia-drogaria-sao-paulo,Ocupação,0.8,Renovação AVCB,2026-04-29,Solicitar Indexacao
https://drd2engenharia.com.br/renovacao-avcb-bares-restaurantes-sao-paulo,/renovacao-avcb-bares-restaurantes-sao-paulo,Ocupação,0.8,Renovação AVCB,2026-04-29,Solicitar Indexacao
https://drd2engenharia.com.br/renovacao-avcb-salao-de-festas-sao-paulo,/renovacao-avcb-salao-de-festas-sao-paulo,Ocupação,0.8,Renovação AVCB,2026-04-29,Solicitar Indexacao
https://drd2engenharia.com.br/renovacao-avcb-pousada-sao-paulo,/renovacao-avcb-pousada-sao-paulo,Ocupação,0.8,Renovação AVCB,2026-04-29,Solicitar Indexacao
https://drd2engenharia.com.br/renovacao-avcb-posto-combustivel-sao-paulo,/renovacao-avcb-posto-combustivel-sao-paulo,Ocupação,0.8,Renovação AVCB,2026-04-29,Solicitar Indexacao
https://drd2engenharia.com.br/renovacao-avcb-creche-sao-paulo,/renovacao-avcb-creche-sao-paulo,Ocupação,0.8,Renovação AVCB,2026-04-29,Solicitar Indexacao
https://drd2engenharia.com.br/renovacao-avcb-escritorio-sao-paulo,/renovacao-avcb-escritorio-sao-paulo,Ocupação,0.8,Renovação AVCB,2026-04-29,Solicitar Indexacao
https://drd2engenharia.com.br/renovacao-avcb-padaria-sao-paulo,/renovacao-avcb-padaria-sao-paulo,Ocupação,0.8,Renovação AVCB,2026-04-29,Solicitar Indexacao
https://drd2engenharia.com.br/renovacao-avcb-shopping-sao-paulo,/renovacao-avcb-shopping-sao-paulo,Ocupação,0.8,Renovação AVCB,2026-04-29,Solicitar Indexacao
https://drd2engenharia.com.br/renovacao-avcb-consultorio-medico-sao-paulo,/renovacao-avcb-consultorio-medico-sao-paulo,Ocupação,0.8,Renovação AVCB,2026-04-29,Solicitar Indexacao
https://drd2engenharia.com.br/avcb-condominio-sao-paulo,/avcb-condominio-sao-paulo,Ocupação,0.8,AVCB por Tipo,2026-04-29,Solicitar Indexacao
https://drd2engenharia.com.br/avcb-para-condominio-sao-paulo,/avcb-para-condominio-sao-paulo,Ocupação,0.8,AVCB por Tipo,2026-04-29,Solicitar Indexacao
https://drd2engenharia.com.br/avcb-hospital-clinica-sao-paulo,/avcb-hospital-clinica-sao-paulo,Ocupação,0.8,AVCB por Tipo,2026-04-29,Solicitar Indexacao
https://drd2engenharia.com.br/avcb-escola-faculdade-sao-paulo,/avcb-escola-faculdade-sao-paulo,Ocupação,0.8,AVCB por Tipo,2026-04-29,Solicitar Indexacao
https://drd2engenharia.com.br/avcb-para-escola-sao-paulo,/avcb-para-escola-sao-paulo,Ocupação,0.8,AVCB por Tipo,2026-04-29,Solicitar Indexacao
https://drd2engenharia.com.br/avcb-restaurante-sao-paulo,/avcb-restaurante-sao-paulo,Ocupação,0.8,AVCB por Tipo,2026-04-29,Solicitar Indexacao
https://drd2engenharia.com.br/avcb-bares-restaurantes-sao-paulo,/avcb-bares-restaurantes-sao-paulo,Ocupação,0.8,AVCB por Tipo,2026-04-29,Solicitar Indexacao
https://drd2engenharia.com.br/avcb-supermercado-sao-paulo,/avcb-supermercado-sao-paulo,Ocupação,0.8,AVCB por Tipo,2026-04-29,Solicitar Indexacao
https://drd2engenharia.com.br/avcb-salao-de-festas-sao-paulo,/avcb-salao-de-festas-sao-paulo,Ocupação,0.8,AVCB por Tipo,2026-04-29,Solicitar Indexacao
https://drd2engenharia.com.br/avcb-hoteis-pousadas-sao-paulo,/avcb-hoteis-pousadas-sao-paulo,Ocupação,0.8,AVCB por Tipo,2026-04-29,Solicitar Indexacao
https://drd2engenharia.com.br/avcb-hostel-sao-paulo,/avcb-hostel-sao-paulo,Ocupação,0.8,AVCB por Tipo,2026-04-29,Solicitar Indexacao
https://drd2engenharia.com.br/avcb-motel-sao-paulo,/avcb-motel-sao-paulo,Ocupação,0.8,AVCB por Tipo,2026-04-29,Solicitar Indexacao
https://drd2engenharia.com.br/avcb-pousada-sao-paulo,/avcb-pousada-sao-paulo,Ocupação,0.8,AVCB por Tipo,2026-04-29,Solicitar Indexacao
https://drd2engenharia.com.br/avcb-posto-combustivel-sao-paulo,/avcb-posto-combustivel-sao-paulo,Ocupação,0.8,AVCB por Tipo,2026-04-29,Solicitar Indexacao
https://drd2engenharia.com.br/avcb-galpao-industrial-sao-paulo,/avcb-galpao-industrial-sao-paulo,Ocupação,0.8,AVCB por Tipo,2026-04-29,Solicitar Indexacao
https://drd2engenharia.com.br/avcb-comercial-escritorio-sao-paulo,/avcb-comercial-escritorio-sao-paulo,Ocupação,0.8,AVCB por Tipo,2026-04-29,Solicitar Indexacao
https://drd2engenharia.com.br/avcb-para-creche-sao-paulo,/avcb-para-creche-sao-paulo,Ocupação,0.8,AVCB por Tipo,2026-04-29,Solicitar Indexacao
https://drd2engenharia.com.br/avcb-para-casa-de-repouso-sao-paulo,/avcb-para-casa-de-repouso-sao-paulo,Ocupação,0.8,AVCB por Tipo,2026-04-29,Solicitar Indexacao
https://drd2engenharia.com.br/avcb-para-academia-sao-paulo,/avcb-para-academia-sao-paulo,Ocupação,0.8,AVCB por Tipo,2026-04-29,Solicitar Indexacao
https://drd2engenharia.com.br/avcb-para-escritorio-sao-paulo,/avcb-para-escritorio-sao-paulo,Ocupação,0.8,AVCB por Tipo,2026-04-29,Solicitar Indexacao
https://drd2engenharia.com.br/avcb-farmacia-drogaria-sao-paulo,/avcb-farmacia-drogaria-sao-paulo,Ocupação,0.8,AVCB por Tipo,2026-04-29,Solicitar Indexacao
https://drd2engenharia.com.br/avcb-para-padaria-sao-paulo,/avcb-para-padaria-sao-paulo,Ocupação,0.8,AVCB por Tipo,2026-04-29,Solicitar Indexacao
https://drd2engenharia.com.br/avcb-para-shopping-sao-paulo,/avcb-para-shopping-sao-paulo,Ocupação,0.8,AVCB por Tipo,2026-04-29,Solicitar Indexacao
https://drd2engenharia.com.br/avcb-casas-noturnas-boates-sao-paulo,/avcb-casas-noturnas-boates-sao-paulo,Ocupação,0.8,AVCB por Tipo,2026-04-29,Solicitar Indexacao
https://drd2engenharia.com.br/avcb-consultorios-medicos-odontologicos-sao-paulo,/avcb-consultorios-medicos-odontologicos-sao-paulo,Ocupação,0.8,AVCB por Tipo,2026-04-29,Solicitar Indexacao
https://drd2engenharia.com.br/avcb-para-igreja-sao-paulo,/avcb-para-igreja-sao-paulo,Ocupação,0.8,AVCB por Tipo,2026-04-29,Solicitar Indexacao
https://drd2engenharia.com.br/avcb-moema,/avcb-moema,Bairro,0.7,Zona Sul,2026-04-29,Solicitar Indexacao
https://drd2engenharia.com.br/avcb-itaim-bibi,/avcb-itaim-bibi,Bairro,0.7,Zona Sul,2026-04-29,Solicitar Indexacao
https://drd2engenharia.com.br/avcb-brooklin,/avcb-brooklin,Bairro,0.7,Zona Sul,2026-04-29,Solicitar Indexacao
https://drd2engenharia.com.br/avcb-campo-belo,/avcb-campo-belo,Bairro,0.7,Zona Sul,2026-04-29,Solicitar Indexacao
https://drd2engenharia.com.br/avcb-sacoma,/avcb-sacoma,Bairro,0.7,Zona Sul,2026-04-29,Solicitar Indexacao
https://drd2engenharia.com.br/avcb-jabaquara,/avcb-jabaquara,Bairro,0.7,Zona Sul,2026-04-29,Solicitar Indexacao
https://drd2engenharia.com.br/avcb-saude,/avcb-saude,Bairro,0.7,Zona Sul,2026-04-29,Solicitar Indexacao
https://drd2engenharia.com.br/avcb-santo-amaro,/avcb-santo-amaro,Bairro,0.7,Zona Sul,2026-04-29,Solicitar Indexacao
https://drd2engenharia.com.br/avcb-vila-olimpia,/avcb-vila-olimpia,Bairro,0.7,Zona Sul,2026-04-29,Solicitar Indexacao
https://drd2engenharia.com.br/avcb-vila-mariana,/avcb-vila-mariana,Bairro,0.7,Zona Sul,2026-04-29,Solicitar Indexacao
https://drd2engenharia.com.br/avcb-ipiranga,/avcb-ipiranga,Bairro,0.7,Zona Sul,2026-04-29,Solicitar Indexacao
https://drd2engenharia.com.br/avcb-morumbi,/avcb-morumbi,Bairro,0.7,Zona Oeste,2026-04-29,Solicitar Indexacao
https://drd2engenharia.com.br/avcb-pinheiros,/avcb-pinheiros,Bairro,0.7,Zona Oeste,2026-04-29,Solicitar Indexacao
https://drd2engenharia.com.br/avcb-vila-madalena,/avcb-vila-madalena,Bairro,0.7,Zona Oeste,2026-04-29,Solicitar Indexacao
https://drd2engenharia.com.br/avcb-perdizes,/avcb-perdizes,Bairro,0.7,Zona Oeste,2026-04-29,Solicitar Indexacao
https://drd2engenharia.com.br/avcb-lapa,/avcb-lapa,Bairro,0.7,Zona Oeste,2026-04-29,Solicitar Indexacao
https://drd2engenharia.com.br/avcb-butanta,/avcb-butanta,Bairro,0.7,Zona Oeste,2026-04-29,Solicitar Indexacao
https://drd2engenharia.com.br/avcb-vila-leopoldina,/avcb-vila-leopoldina,Bairro,0.7,Zona Oeste,2026-04-29,Solicitar Indexacao
https://drd2engenharia.com.br/avcb-osasco,/avcb-osasco,Bairro,0.7,Zona Oeste,2026-04-29,Solicitar Indexacao
https://drd2engenharia.com.br/avcb-barueri-alphaville,/avcb-barueri-alphaville,Bairro,0.7,Zona Oeste,2026-04-29,Solicitar Indexacao
https://drd2engenharia.com.br/avcb-alphaville-barueri,/avcb-alphaville-barueri,Bairro,0.7,Zona Oeste,2026-04-29,Solicitar Indexacao
https://drd2engenharia.com.br/avcb-santana,/avcb-santana,Bairro,0.7,Zona Norte,2026-04-29,Solicitar Indexacao
https://drd2engenharia.com.br/avcb-casa-verde,/avcb-casa-verde,Bairro,0.7,Zona Norte,2026-04-29,Solicitar Indexacao
https://drd2engenharia.com.br/avcb-tucuruvi,/avcb-tucuruvi,Bairro,0.7,Zona Norte,2026-04-29,Solicitar Indexacao
https://drd2engenharia.com.br/avcb-limao,/avcb-limao,Bairro,0.7,Zona Norte,2026-04-29,Solicitar Indexacao
https://drd2engenharia.com.br/avcb-jacana,/avcb-jacana,Bairro,0.7,Zona Norte,2026-04-29,Solicitar Indexacao
https://drd2engenharia.com.br/avcb-tatuape,/avcb-tatuape,Bairro,0.7,Zona Leste,2026-04-29,Solicitar Indexacao
https://drd2engenharia.com.br/avcb-mooca,/avcb-mooca,Bairro,0.7,Zona Leste,2026-04-29,Solicitar Indexacao
https://drd2engenharia.com.br/avcb-analia-franco,/avcb-analia-franco,Bairro,0.7,Zona Leste,2026-04-29,Solicitar Indexacao
https://drd2engenharia.com.br/avcb-penha,/avcb-penha,Bairro,0.7,Zona Leste,2026-04-29,Solicitar Indexacao
https://drd2engenharia.com.br/avcb-itaquera,/avcb-itaquera,Bairro,0.7,Zona Leste,2026-04-29,Solicitar Indexacao
https://drd2engenharia.com.br/avcb-aricanduva,/avcb-aricanduva,Bairro,0.7,Zona Leste,2026-04-29,Solicitar Indexacao
https://drd2engenharia.com.br/avcb-vila-prudente,/avcb-vila-prudente,Bairro,0.7,Zona Leste,2026-04-29,Solicitar Indexacao
https://drd2engenharia.com.br/avcb-centro-sao-paulo,/avcb-centro-sao-paulo,Bairro,0.7,Centro,2026-04-29,Solicitar Indexacao
https://drd2engenharia.com.br/avcb-republica,/avcb-republica,Bairro,0.7,Centro,2026-04-29,Solicitar Indexacao
https://drd2engenharia.com.br/avcb-bela-vista,/avcb-bela-vista,Bairro,0.7,Centro,2026-04-29,Solicitar Indexacao
https://drd2engenharia.com.br/avcb-liberdade,/avcb-liberdade,Bairro,0.7,Centro,2026-04-29,Solicitar Indexacao
https://drd2engenharia.com.br/avcb-consolacao,/avcb-consolacao,Bairro,0.7,Centro,2026-04-29,Solicitar Indexacao
https://drd2engenharia.com.br/avcb-se,/avcb-se,Bairro,0.7,Centro,2026-04-29,Solicitar Indexacao
https://drd2engenharia.com.br/avcb-centro-bela-vista,/avcb-centro-bela-vista,Bairro,0.7,Centro,2026-04-29,Solicitar Indexacao
https://drd2engenharia.com.br/avcb-guarulhos,/avcb-guarulhos,Bairro,0.7,Grande SP,2026-04-29,Solicitar Indexacao
https://drd2engenharia.com.br/avcb-santo-andre,/avcb-santo-andre,Bairro,0.7,Grande SP,2026-04-29,Solicitar Indexacao
https://drd2engenharia.com.br/avcb-sao-bernardo,/avcb-sao-bernardo,Bairro,0.7,Grande SP,2026-04-29,Solicitar Indexacao
https://drd2engenharia.com.br/avcb-sao-caetano,/avcb-sao-caetano,Bairro,0.7,Grande SP,2026-04-29,Solicitar Indexacao
https://drd2engenharia.com.br/avcb-zona-sul,/avcb-zona-sul,Zona,0.7,Zona,2026-04-29,Solicitar Indexacao
https://drd2engenharia.com.br/avcb-zona-norte-sao-paulo,/avcb-zona-norte-sao-paulo,Zona,0.7,Zona,2026-04-29,Solicitar Indexacao
https://drd2engenharia.com.br/avcb-zona-leste-sao-paulo,/avcb-zona-leste-sao-paulo,Zona,0.7,Zona,2026-04-29,Solicitar Indexacao
https://drd2engenharia.com.br/avcb-zona-oeste-sao-paulo,/avcb-zona-oeste-sao-paulo,Zona,0.7,Zona,2026-04-29,Solicitar Indexacao